department,average income 
1,3087.6923076923076
2,2830.0
3,3253.5714285714284
4,2659.4736842105262
5,2488.5714285714284
6,3619.1666666666665
7,3313.15625
8,4990.0
